{
  "cli": {
    "version": ">= 5.0.0",
    "appVersionSource": "remote"
  },
  "build": {
    "development": {
      "developmentClient": true,
      "distribution": "internal",
      "channel": "development",
      "env": {
        "APP_VARIANT": "development",
        "EXPO_PUBLIC_API_URL": "http://localhost:3000/api"
      },
      "ios": {
        "simulator": true,
        "resourceClass": "m-medium"
      },
      "android": {
        "buildType": "apk",
        "gradleCommand": ":app:assembleDebug"
      }
    },
    "development-device": {
      "extends": "development",
      "distribution": "internal",
      "ios": {
        "simulator": false
      },
      "android": {
        "buildType": "apk"
      }
    },
    "preview": {
      "distribution": "internal",
      "channel": "preview",
      "env": {
        "APP_VARIANT": "preview",
        "EXPO_PUBLIC_API_URL": "https://staging-api.medinvest.app/api"
      },
      "ios": {
        "resourceClass": "m-medium"
      },
      "android": {
        "buildType": "apk"
      }
    },
    "production": {
      "distribution": "store",
      "channel": "production",
      "env": {
        "EXPO_PUBLIC_API_URL": "https://api.medinvest.app/api"
      },
      "ios": {
        "resourceClass": "m-medium"
      },
      "android": {
        "buildType": "app-bundle"
      },
      "autoIncrement": true
    }
  },
  "submit": {
    "production": {
      "ios": {
        "appleId": "your-apple-id@example.com",
        "ascAppId": "YOUR_APP_STORE_CONNECT_APP_ID",
        "appleTeamId": "YOUR_APPLE_TEAM_ID"
      },
      "android": {
        "serviceAccountKeyPath": "./google-play-service-account.json",
        "track": "internal"
      }
    }
  }
}
